time,metaphor
year,A year is a book filled with chapters of growth and wisdom.
people,People are threads woven into the tapestry of life.
way,A way is a bridge connecting dreams to reality.
man,A man is a lighthouse illuminating paths through storms.
day,A day is a fresh canvas awaiting the colors of experience.
thing,A thing is a seed holding potential for infinite possibilities.
child,A child is a garden blossoming with endless potential.
Mr,Mr is a respectful title framing dignity and honor.
government,A government is a gardener nurturing society's growth.
work,Work is the melody played by hands shaping dreams.
life,Life is a journey illuminated by moments of joy and learning.
woman,"A woman is a river flowing gracefully, nourishing life around her."
system,A system is a symphony harmonizing individual notes into beauty.
case,A case is a puzzle inviting solutions and discoveries.
part,A part is a piece fitting perfectly in life's mosaic.
group,A group is a constellation shining brighter together.
number,A number is a stepping stone building towards infinity.
world,The world is an endless canvas painted with diverse stories.
house,A house is a sanctuary where warmth and dreams reside.
area,An area is a garden bed prepared for flourishing ideas.
company,A company is an orchestra where teamwork composes success.
problem,A problem is a hidden door leading to innovation.
service,Service is a gentle hand lifting humanity upwards.
place,A place is a stage awaiting life's beautiful performance.
hand,A hand is an instrument sculpting kindness into reality.
party,A party is a joyful chorus harmonizing hearts.
school,A school is a fountain nourishing minds with knowledge.
country,A country is a mosaic united by shared dreams and diversity.
point,A point is a beacon marking destinations in uncertainty.
week,A week is a symphony composed of harmonious days.
member,A member is a note essential to life's melody.
end,An end is a sunset promising new beginnings.
state,A state is a canvas painted by collective dreams.
word,A word is a seed blossoming into understanding.
family,A family is an anchor steadying hearts amidst life's tides.
fact,A fact is a lantern illuminating paths through darkness.
head,A head is a compass guiding the voyage of thought.
month,A month is a chapter adding depth to life's story.
side,A side is a facet revealing beauty from different angles.
business,A business is a garden cultivated with diligence and care.
night,A night is a velvet blanket comforting dreams and rest.
eye,An eye is a window capturing the wonders of the world.
home,A home is a warm embrace welcoming hearts to rest.
question,A question is a key unlocking doors to wisdom.
information,Information is a river enriching fields of understanding.
power,Power is a flame illuminating the way for others.
change,Change is a breeze refreshing the air with possibility.
interest,Interest is a spark igniting passion and curiosity.
development,Development is a garden blossoming with progress.
money,Money is a tool sculpting dreams into reality.
book,A book is a treasure chest guarding wisdom.
water,Water is a lifeline nourishing existence.
other,Other is a mirror reflecting our shared humanity.
form,A form is a vessel shaping the essence of creativity.
room,A room is a sanctuary where moments find peace.
level,A level is a step elevating perspective toward clarity.
car,A car is a chariot speeding ambitions toward realization.
council,A council is a circle harmonizing diverse voices into unity.
policy,A policy is a roadmap directing collective efforts.
market,A market is a garden thriving with vibrant exchange.
court,A court is a sanctuary preserving fairness and truth.
effect,An effect is a wave gently shaping the shores of reality.
result,A result is a harvest gathered from dedicated efforts.
idea,An idea is a spark igniting the fires of innovation.
use,Use is the gentle hand guiding potential into purpose.
study,A study is a lantern illuminating paths of understanding.
job,A job is the soil where aspirations take root and bloom.
name,A name is a melody capturing one’s essence.
body,A body is a temple housing the spirit.
report,A report is a lighthouse guiding informed decisions.
line,A line is a thread connecting points of purpose.
law,Law is the bedrock stabilizing societal harmony.
face,A face is a canvas painted with life's expressions.
friend,A friend is a harbor offering safety and trust.
authority,Authority is a framework supporting harmony and growth.
road,A road is a ribbon connecting beginnings to destinations.
minister,A minister is a gardener tending the fields of society.
rate,Rate is the rhythm measuring life's movements.
door,A door is an entrance opening toward new opportunities.
hour,An hour is a gift unwrapped moment by moment.
office,An office is an engine powering visions into achievements.
right,A right is a shield protecting dignity and freedom.
war,War is a storm revealing the strength of peace.
mother,A mother is a hearth radiating warmth and nurturing life.
person,A person is a universe filled with endless possibilities.
reason,A reason is a bridge linking intention to understanding.
view,A view is a window revealing broader horizons.
term,A term is a bridge crossing towards greater understanding.
period,A period is a bead adding beauty to the necklace of time.
centre,A centre is the nucleus energizing unity.
figure,A figure is a symbol embodying essence and identity.
society,Society is a garden blooming with collective spirit.
police,Police are sentinels safeguarding communal peace.
city,A city is a tapestry woven with countless stories.
need,A need is a compass orienting toward fulfillment.
community,A community is a garden flourishing with collective care.
million,A million is an ocean filled with possibilities.
kind,Kindness is sunlight nurturing human connection.
price,A price is an investment towards dreams fulfilled.
control,Control is a steering wheel guiding life's journey.
action,Action is the wind propelling ambitions forward.
cost,Cost is the investment paving roads toward dreams.
issue,An issue is a crossroads inviting creative navigation.
process,A process is a journey sculpting raw potential into form.
position,Position is a pillar upholding visions realized.
course,A course is a path inviting exploration and discovery.
minute,A minute is a stitch sewing moments into memory.
education,Education is a bridge building paths to possibility.
type,A type is a shade adding depth to life's spectrum.
research,Research is a lighthouse illuminating unseen knowledge.
subject,A subject is fertile soil ready for seeds of curiosity.
programme,A programme is a map charting journeys to achievement.
girl,A girl is a blossoming flower enriching life's garden.
moment,A moment is a drop forming oceans of memory.
age,Age is wine matured in the cellars of experience.
father,A father is a mountain offering strength and stability.
force,Force is wind fueling sails toward destiny.
order,Order is the melody harmonizing chaos.
value,Value is a gem enriching the fabric of life.
act,An act is the brushstroke painting reality.
matter,Matter is the canvas on which existence is painted.
health,Health is a garden cultivated with care and balance.
lot,A lot is fertile ground nurturing possibilities.
decision,A decision is a crossroads guiding life's direction.
street,A street is an artery bringing vitality to the community.
industry,Industry is a workshop crafting progress.
patient,A patient is a canvas awaiting healing strokes of care.
class,A class is a nursery growing knowledge and wisdom.
mind,A mind is an ocean teeming with ideas.
church,A church is a beacon lighting the path to spiritual warmth.
condition,A condition is weather shaping the landscapes of life.
paper,Paper is the canvas capturing thoughts clearly.
bank,A bank is the foundation empowering dreams financially.
century,A century is a saga narrating human progress.
section,A section is a tile completing the mosaic of life.
activity,Activity is the pulse energizing life’s potential.
table,A table is an altar where nourishment meets connection.
death,Death is the sunset concluding life's beautiful day.
building,A building is a shelter housing dreams and aspirations.
sense,Sense is a beacon illuminating perception.
sort,A sort is a thread woven into diversity’s fabric.
staff,Staff is the spine supporting organizational strength.
team,A team is an orchestra creating harmony together.
experience,Experience is a river carving wisdom into the soul.
student,A student is a seed growing toward the sun of knowledge.
language,Language is a bridge connecting hearts and minds.
teacher,A teacher is a gardener cultivating minds to bloom.
food,Food is nourishment fueling life's vibrant dance.
power,Power is a flame illuminating the way for others.
music,Music is a universal language speaking to every soul.
theory,A theory is a lantern lighting the path to discovery.
king,A king is a tower guiding a kingdom toward stability.
queen,A queen is the heart empowering harmony within realms.
president,A president is the captain steering a nation forward.
computer,A computer is a loom weaving patterns of innovation.
internet,The internet is a vast ocean bridging distant islands.
software,Software is poetry instructing hardware eloquently.
hardware,Hardware is the skeleton giving structure to digital worlds.
network,A network is a web connecting ideas across distances.
database,A database is a vault safeguarding precious insights.
website,A website is a gateway welcoming visitors into digital spaces.
application,An application is a key unlocking digital potential.
algorithm,An algorithm is a recipe guiding precise solutions.
function,A function is a tool transforming inputs into magic.
variable,A variable is a container holding flexible possibilities.
constant,A constant is a lighthouse providing unchanging guidance.
array,An array is a shelf neatly organizing data.
loop,A loop is a wheel cycling actions into outcomes.
condition,A condition is weather shaping the landscapes of life.
exception,An exception is a curve shaping understanding and adaptation.
thread,A thread is a stitch weaving processes smoothly together.
process,A process is a journey sculpting raw potential into form.
memory,Memory is a reservoir storing experiences and knowledge.
storage,Storage is a granary keeping digital harvest safe.
disk,A disk is a platter serving data reliably.
file,A file is a packet carrying information securely.
folder,A folder is an envelope containing organized thoughts.
directory,A directory is a roadmap guiding through digital terrain.
path,A path is a trail leading to digital clarity.
link,A link is a bridge connecting islands of information.
node,A node is a junction connecting paths in digital landscapes.
edge,An edge is a boundary defining connections clearly.
graph,A graph is a constellation illustrating relationships vividly.
tree,
list,
queue,
stack,
buffer,
cache,
heap,
pointer,
reference,
object,
class,A class is a nursery growing knowledge and wisdom.
method,
attribute,
property,
field,
parameter,
argument,
return,
value,Value is a gem enriching the fabric of life.
expression,
statement,
operator,
operand,
syntax,
semantics,
logic,
boolean,
integer,
float,
string,
character,
byte,
bit,
binary,
hexadecimal,
decimal,
octal,
number,A number is a stepping stone building towards infinity.
digit,
symbol,
token,
keyword,
identifier,
literal,
comment,
documentation,
module,
package,
library,
framework,
platform,
environment,
tool,
utility,
script,
command,
shell,
terminal,
console,
interface,An interface is a doorway inviting interaction and ease.
protocol,
standard,
format,
encoding,
decoding,
compression,
encryption,
decryption,
authentication,
authorization,
access,
permission,
privilege,
role,
user,
account,
profile,
session,
cookie,
token,
key,
certificate,
signature,
hash,
checksum,
error,
exception,An exception is a curve shaping understanding and adaptation.
fault,
bug,
debugging,
testing,
validation,
verification,
deployment,
release,
version,
update,
patch,
upgrade,
installation,
configuration,
setup,
build,
compilation,
linking,
loading,
execution,
runtime,
performance,
optimization,
benchmark,
profiling,
monitoring,
logging,
tracing,
analysis,
reporting,
visualization,
dashboard,
alert,
notification,
event,
message,
request,
response,
query,
transaction,
operation,
service,Service is a gentle hand lifting humanity upwards.
endpoint,
resource,
api,
sdk,
cli,
gui,
ux,
ui,
design,
architecture,
pattern,
model,
schema,
diagram,
flowchart,
sequence,
state,A state is a canvas painted by collective dreams.
activity,Activity is the pulse energizing life’s potential.
class,A class is a nursery growing knowledge and wisdom.
object,
component,
module,
package,
library,
framework,
platform,
environment,
tool,
utility,
script,
command,
shell,
terminal,
console,
interface,An interface is a doorway inviting interaction and ease.
protocol,
standard,
format,
encoding,
decoding,
compression,
encryption,
decryption,
authentication,
authorization,
access,
permission,
privilege,
role,
user,
account,
profile,
session,
cookie,
token,
key,
certificate,
signature,
hash,
checksum,
error,
exception,An exception is a curve shaping understanding and adaptation.
fault,
bug,
debugging,
testing,
validation,
verification,
deployment,
release,
version,
update,
patch,
upgrade,
installation,
configuration,
setup,
build,
compilation,
linking,
loading,
execution,
runtime,
performance,
optimization,
benchmark,
profiling,
monitoring,
logging,
tracing,
analysis,
reporting,
visualization,
dashboard,
alert,
notification,
event,
message,
request,
response,
query,
transaction,
operation,
service,Service is a gentle hand lifting humanity upwards.
endpoint,
resource,
api,
sdk,
cli,
gui,
ux,
ui,
design,
architecture,
pattern,
model,
schema,
diagram,
flowchart,
sequence,
state,A state is a canvas painted by collective dreams.
activity,Activity is the pulse energizing life’s potential.
class,A class is a nursery growing knowledge and wisdom.
object,
component,
module,
package,
library,
framework,
platform,
environment,
tool,
utility,
script,
command,
shell,
terminal,
console,
interface,An interface is a doorway inviting interaction and ease.
protocol,
standard,
format,
encoding,
decoding,
compression,
encryption,
decryption,
authentication,
authorization,
access,
permission,
privilege,
role,
user,
account,
profile,
session,
cookie,
token,
key,
certificate,
signature,
hash,
checksum,
error,
exception,An exception is a curve shaping understanding and adaptation.
fault,
bug,
debugging,
testing,
validation,
verification,
deployment,
release,
version,
update,
patch,
upgrade,
installation,
configuration,
setup,
build,
compilation,
linking,
loading,
execution,
runtime,
performance,
optimization,
benchmark,
profiling,
monitoring,
logging,
tracing,
analysis,
reporting,
visualization,
dashboard,
alert,
notification,
event,
message,
request,
response,
query,
transaction,
operation,
service,Service is a gentle hand lifting humanity upwards.
endpoint,
resource,
api,
sdk,
cli,
gui,
ux,
ui,
design,
architecture,
pattern,
model,
schema,
diagram,
flowchart,
sequence,
state,A state is a canvas painted by collective dreams.
activity,Activity is the pulse energizing life’s potential.
class,A class is a nursery growing knowledge and wisdom.
object,
component,
module,
package,
library,
framework,
platform,
environment,
tool,
utility,
script,
command,
shell,
terminal,
console,
interface,An interface is a doorway inviting interaction and ease.
protocol,
standard,
format,
encoding,
decoding,
compression,
encryption,
decryption,
authentication,
authorization,
access,
permission,
privilege,
role,
user,
account,
profile,
session,
cookie,
token,
key,
certificate,
signature,
hash,
checksum,
error,
exception,An exception is a curve shaping understanding and adaptation.
fault,
bug,
debugging,
testing,
validation,
verification,
deployment,
release,
version,
update,
patch,
upgrade,
installation,
configuration,
setup,
build,
compilation,
linking,
loading,
execution,
runtime,
performance,
optimization,
benchmark,
profiling,
monitoring,
logging,
tracing,
analysis,
reporting,
visualization,
dashboard,
alert,
notification,
event,
message,
request,
response,
query,
transaction,
operation,
service,Service is a gentle hand lifting humanity upwards.
endpoint,
resource,
api,
sdk,
cli,
gui,
ux,
ui,
design,
architecture,
pattern,
model,
schema,
diagram,
flowchart,
sequence,
state,A state is a canvas painted by collective dreams.
activity,Activity is the pulse energizing life’s potential.
class,A class is a nursery growing knowledge and wisdom.
object,
component,
module,
package,
library,
framework,
platform,
environment,
tool,
utility,
script,
command,
shell,
terminal,
console,
interface,An interface is a doorway inviting interaction and ease.
protocol,
standard,
format,
encoding,
decoding,
compression,
encryption,
decryption,
authentication,
authorization,
access,
permission,
privilege,
role,
user,
account,
profile,
session,
cookie,
token,
key,
certificate,
signature,
hash,
checksum,
error,
exception,An exception is a curve shaping understanding and adaptation.
fault,
bug,
debugging,
testing,
validation,
verification,
deployment,
release,
version,
update,
patch,
upgrade,
installation,
configuration,
setup,
build,
compilation,
linking,
loading,
execution,
runtime,
performance,
optimization,
benchmark,
profil,
::contentReference[oaicite:0]{index=0},
whisper,
laughter,
destiny,
clarity,
horizon,
twilight,
solace,
sanctuary,
symphony,
harmony,
crescendo,
reverie,
resonance,
passion,
elegance,
magnificence,
wisdom,
lighthouse,
orchestra,
adventure,
horizon,
reflection,
companion,
tranquility,
serendipity,
mystery,
epiphany,
sanctuary,
cathedral,
meadow,
whisper,
laughter,
destiny,
clarity,
horizon,
twilight,
solace,
sanctuary,
symphony,
harmony,
crescendo,
reverie,
resonance,
passion,
elegance,
magnificence,
wisdom,
lighthouse,
orchestra,
adventure,
horizon,
reflection,
companion,
tranquility,
serendipity,
mystery,
epiphany,
sanctuary,
cathedral,
meadow,
whisper,
laughter,
destiny,
clarity,
horizon,
twilight,
solace,
sanctuary,
symphony,
harmony,
crescendo,
reverie,
resonance,
passion,
elegance,
magnificence,
wisdom,
lighthouse,
orchestra,
adventure,
horizon,
reflection,
companion,
tranquility,
serendipity,
mystery,
epiphany,
sanctuary,
cathedral,
meadow,
whisper,
laughter,
destiny,
clarity,
horizon,
twilight,
solace,
sanctuary,
symphony,
harmony,
crescendo,
reverie,
resonance,
passion,
elegance,
magnificence,
wisdom,
lighthouse,
orchestra,
adventure,
horizon,
reflection,
companion,
tranquility,
serendipity,
mystery,
epiphany,
sanctuary,
cathedral,
meadow,
whisper,
laughter,
destiny,
clarity,
horizon,
twilight,
solace,
sanctuary,
symphony,
harmony,
crescendo,
reverie,
resonance,
passion,
elegance,
magnificence,
wisdom,
lighthouse,
orchestra,
adventure,
horizon,
reflection,
companion,
tranquility,
serendipity,
mystery,
epiphany,
sanctuary,
cathedral,
meadow,
whisper,
laughter,
destiny,
clarity,
horizon,
twilight,
solace,
sanctuary,
symphony,
harmony,
crescendo,
reverie,
resonance,
passion,
elegance,
magnificence,
wisdom,
lighthouse,
orchestra,
adventure,
horizon,
reflection,
companion,
tranquility,
serendipity,
mystery,
epiphany,
sanctuary,
cathedral,
meadow,
whisper,
laughter,
destiny,
clarity,
horizon,
twilight,
solace,
sanctuary,
symphony,
harmony,
crescendo,
reverie,
resonance,
passion,
elegance,
magnificence,
wisdom,
lighthouse,
orchestra,
adventure,
horizon,
reflection,
companion,
tranquility,
serendipity,
mystery,
epiphany,
sanctuary,
cathedral,
meadow,
whisper,
laughter,
destiny,
clarity,
horizon,
twilight,
solace,
sanctuary,
symphony,
harmony,
crescendo,
reverie,
resonance,
passion,
elegance,
magnificence,
wisdom,
lighthouse,
orchestra,
adventure,
horizon,
reflection,
companion,
tranquility,
serendipity,
mystery,
epiphany,
sanctuary,
cathedral,
meadow,
whisper,
laughter,
destiny,
clarity,
horizon,
twilight,
solace,
sanctuary,
symphony,
harmony,
crescendo,
reverie,
resonance,
passion,
elegance,
magnificence,
wisdom,
lighthouse,
orchestra,
adventure,
horizon,
reflection,
companion,
tranquility,
serendipity,
mystery,
epiphany,
sanctuary,
cathedral,
meadow,
whisper,
laughter,
destiny,
clarity,
horizon,
twilight,
solace,
sanctuary,
symphony,
harmony,
crescendo,
reverie,
resonance,
passion,
elegance,
magnificence,
wisdom,
lighthouse,
orchestra,
adventure,
horizon,
reflection,
companion,
tranquility,
serendipity,
mystery,
epiphany,
sanctuary,
cathedral,
meadow,
whisper,
laughter,
destiny,
clarity,
horizon,
twilight,
solace,
sanctuary,
symphony,
harmony,
crescendo,
reverie,
resonance,
passion,
elegance,
magnificence,
wisdom,
lighthouse,
orchestra,
adventure,
horizon,
reflection,
companion,
tranquility,
serendipity,
mystery,
epiphany,
sanctuary,
cathedral,
meadow,
whisper,
laughter,
destiny,
clarity,
horizon,
twilight,
solace,
sanctuary,
symphony,
harmony,
crescendo,
reverie,
resonance,
passion,
elegance,
magnificence,
wisdom,
lighthouse,
orchestra,
adventure,
horizon,
reflection,
companion,
tranquility,
serendipity,
mystery,
epiphany,
sanctuary,
cathedral,
meadow,
whisper,
laughter,
destiny,
clarity,
horizon,
twilight,
solace,
sanctuary,
symphony,
harmony,
crescendo,
reverie,
resonance,
passion,
elegance,
magnificence,
wisdom,
lighthouse,
orchestra,
adventure,
horizon,
reflection,
companion,
tranquility,
serendipity,
mystery,
epiphany,
sanctuary,
cathedral,
meadow,
whisper,
laughter,
destiny,
clarity,
horizon,
twilight,
solace,
sanctuary,
symphony,
harmony,
crescendo,
reverie,
resonance,
passion,
elegance,
magnificence,
wisdom,
lighthouse,
orchestra,
adventure,
horizon,
reflection,
companion,
tranquility,
serendipity,
mystery,
epiphany,
sanctuary,
cathedral,
meadow,
whisper,
laughter,
destiny,
clarity,
horizon,
twilight,
solace,
sanctuary,
symphony,
harmony,
crescendo,
reverie,
resonance,
passion,
elegance,
magnificence,
wisdom,
lighthouse,
orchestra,
adventure,
horizon,
reflection,
companion,
tranquility,
serendipity,
mystery,
epiphany,
sanctuary,
cathedral,
meadow,
whisper,
laughter,
destiny,
clarity,
horizon,
twilight,
solace,
sanctuary,
symphony,
harmony,
crescendo,
reverie,
resonance,
passion,
elegance,
magnificence,
wisdom,
lighthouse,
orchestra,
adventure,
horizon,
reflection,
companion,
tranquility,
serendipity,
mystery,
epiphany,
sanctuary,
cathedral,
meadow,
whisper,
laughter,
destiny,
clarity,
horizon,
twilight,
solace,
sanctuary,
symphony,
harmony,
crescendo,
reverie,
resonance,
passion,
elegance,
magnificence,
wisdom,
lighthouse,
orchestra,
adventure,
horizon,
reflection,
companion,
tranquility,
serendipity,
mystery,
epiphany,
sanctuary,
cathedral,
meadow,
whisper,
laughter,
destiny,
clarity,
horizon,
twilight,
solace,
sanctuary,
symphony,
harmony,
crescendo,
reverie,
resonance,
passion,
elegance,
magnificence,
wisdom,
lighthouse,
orchestra,
adventure,
horizon,
reflection,
companion,
tranquility,
serendipity,
mystery,
epiphany,
sanctuary,
cathedral,
meadow,
whisper,
laughter,
destiny,
clarity,
horizon,
twilight,
solace,
sanctuary,
symphony,
harmony,
crescendo,
reverie,
resonance,
passion,
elegance,
magnificence,
wisdom,
lighthouse,
orchestra,
adventure,
horizon,
reflection,
companion,
tranquility,
serendipity,
mystery,
epiphany,
sanctuary,
cathedral,
meadow,
whisper,
laughter,
destiny,
clarity,
horizon,
twilight,
solace,
sanctuary,
symphony,
harmony,
crescendo,
reverie,
resonance,
passion,
elegance,
magnificence,
wisdom,
lighthouse,
orchestra,
adventure,
horizon,
reflection,
companion,
tranquility,
serendipity,
mystery,
epiphany,
sanctuary,
cathedral,
meadow,
whisper,
laughter,
destiny,
clarity,
horizon,
twilight,
solace,
sanctuary,
symphony,
harmony,
crescendo,
reverie,
resonance,
passion,
elegance,
magnificence,
wisdom,
lighthouse,
orchestra,
adventure,
horizon,
reflection,
companion,
tranquility,
serendipity,
mystery,
epiphany,
sanctuary,
cathedral,
meadow,
whisper,
laughter,
destiny,
clarity,
horizon,
twilight,
solace,
sanctuary,
symphony,
harmony,
crescendo,
reverie,
resonance,
passion,
elegance,
magnificence,
wisdom,
lighthouse,
orchestra,
adventure,
horizon,
reflection,
companion,
tranquility,
serendipity,
mystery,
epiphany,
sanctuary,
cathedral,
meadow,
whisper,
laughter,
destiny,
clarity,
horizon,
twilight,
solace,
sanctuary,
symphony,
harmony,
crescendo,
reverie,
resonance,
passion,
elegance,
magnificence,
wisdom,
lighthouse,
orchestra,
adventure,
horizon,
reflection,
companion,
tranquility,
serendipity,
mystery,
epiphany,
sanctuary,
cathedral,
meadow,
whisper,
laughter,
destiny,
clarity,
horizon,
twilight,
solace,
sanctuary,
symphony,
harmony,
crescendo,
reverie,
resonance,
passion,
elegance,
magnificence,
wisdom,
lighthouse,
orchestra,
adventure,
horizon,
reflection,
companion,
tranquility,
serendipity,
mystery,
epiphany,
sanctuary,
cathedral,
meadow,
whisper,
laughter,
destiny,
clarity,
horizon,
twilight,
solace,
sanctuary,
symphony,
harmony,
crescendo,
reverie,
resonance,
passion,
elegance,
magnificence,
wisdom,
lighthouse,
orchestra,
adventure,
horizon,
reflection,
companion,
tranquility,
serendipity,
mystery,
epiphany,
sanctuary,
cathedral,
meadow,
whisper,
laughter,
destiny,
clarity,
horizon,
twilight,
solace,
sanctuary,
symphony,
harmony,
crescendo,
reverie,
resonance,
passion,
elegance,
magnificence,
wisdom,
lighthouse,
orchestra,
adventure,
horizon,
reflection,
companion,
tranquility,
serendipity,
mystery,
epiphany,
sanctuary,
cathedral,
meadow,
whisper,
laughter,
destiny,
clarity,
horizon,
twilight,
solace,
sanctuary,
symphony,
harmony,
crescendo,
reverie,
resonance,
passion,
elegance,
magnificence,
wisdom,
lighthouse,
orchestra,
adventure,
horizon,
reflection,
companion,
tranquility,
serendipity,
mystery,
epiphany,
sanctuary,
cathedral,
meadow,
whisper,
laughter,
destiny,
clarity,
horizon,
twilight,
solace,
sanctuary,
symphony,
harmony,
crescendo,
reverie,
resonance,
passion,
elegance,
magnificence,
wisdom,
lighthouse,
orchestra,
adventure,
horizon,
reflection,
companion,
tranquility,
serendipity,
mystery,
epiphany,
sanctuary,
cathedral,
meadow,
whisper,
laughter,
destiny,
clarity,
horizon,
twilight,
solace,
sanctuary,
symphony,
harmony,
crescendo,
reverie,
resonance,
passion,
elegance,
magnificence,
wisdom,
lighthouse,
orchestra,
adventure,
horizon,
reflection,
companion,
tranquility,
serendipity,
mystery,
epiphany,
sanctuary,
cathedral,
meadow,
whisper,
laughter,
destiny,
clarity,
horizon,
twilight,
solace,
sanctuary,
symphony,
harmony,
crescendo,
reverie,
resonance,
passion,
elegance,
magnificence,
wisdom,
lighthouse,
orchestra,
adventure,
horizon,
reflection,
companion,
tranquility,
serendipity,
mystery,
epiphany,
sanctuary,
cathedral,
meadow,
whisper,
laughter,
destiny,
clarity,
horizon,
twilight,
solace,
sanctuary,
symphony,
harmony,
crescendo,
reverie,
resonance,
passion,
elegance,
magnificence,
wisdom,
lighthouse,
orchestra,
adventure,
horizon,
reflection,
companion,
tranquility,
serendipity,
mystery,
epiphany,
sanctuary,
cathedral,
meadow,
whisper,
laughter,
destiny,
clarity,
horizon,
twilight,
solace,
sanctuary,
symphony,
harmony,
crescendo,
reverie,
resonance,
passion,
elegance,
magnificence,
wisdom,
lighthouse,
orchestra,
adventure,
horizon,
reflection,
companion,
tranquility,
serendipity,
mystery,
epiphany,
sanctuary,
cathedral,
meadow,
whisper,
laughter,
destiny,
clarity,
horizon,
twilight,
solace,
sanctuary,
symphony,
harmony,
crescendo,
reverie,
resonance,
passion,
elegance,
magnificence,
wisdom,
lighthouse,
orchestra,
adventure,
horizon,
reflection,
companion,
tranquility,
serendipity,
mystery,
epiphany,
sanctuary,
cathedral,
meadow,
whisper,
laughter,
destiny,
clarity,
horizon,
twilight,
solace,
sanctuary,
symphony,
harmony,
crescendo,
reverie,
resonance,
passion,
elegance,
magnificence,
wisdom,
lighthouse,
orchestra,
adventure,
horizon,
reflection,
companion,
tranquility,
serendipity,
mystery,
epiphany,
sanctuary,
cathedral,
meadow,
whisper,
laughter,
destiny,
clarity,
horizon,
twilight,
solace,
sanctuary,
symphony,
harmony,
crescendo,
reverie,
resonance,
passion,
elegance,
magnificence,
wisdom,
lighthouse,
orchestra,
adventure,
horizon,
reflection,
companion,
tranquility,
serendipity,
mystery,
epiphany,
sanctuary,
cathedral,
meadow,
whisper,
laughter,
destiny,
clarity,
horizon,
twilight,
solace,
sanctuary,
symphony,
harmony,
crescendo,
reverie,
resonance,
passion,
elegance,
magnificence,
wisdom,
lighthouse,
orchestra,
adventure,
horizon,
reflection,
companion,
tranquility,
serendipity,
mystery,
epiphany,
sanctuary,
cathedral,
meadow,
whisper,
laughter,
destiny,
clarity,
horizon,
twilight,
solace,
sanctuary,
symphony,
harmony,
crescendo,
reverie,
resonance,
passion,
elegance,
magnificence,
wisdom,
lighthouse,
orchestra,
adventure,
horizon,
reflection,
companion,
tranquility,
serendipity,
mystery,
epiphany,
sanctuary,
cathedral,
meadow,
whisper,
laughter,
destiny,
clarity,
horizon,
twilight,
solace,
sanctuary,
symphony,
harmony,
crescendo,
reverie,
resonance,
passion,
elegance,
magnificence,
wisdom,
lighthouse,
orchestra,
adventure,
horizon,
reflection,
companion,
tranquility,
serendipity,
mystery,
epiphany,
sanctuary,
cathedral,
meadow,
whisper,
laughter,
destiny,
clarity,
horizon,
twilight,
solace,
sanctuary,
symphony,
harmony,
crescendo,
reverie,
resonance,
passion,
elegance,
magnificence,
wisdom,
lighthouse,
orchestra,
adventure,
horizon,
reflection,
companion,
tranquility,
serendipity,
mystery,
epiphany,
sanctuary,
cathedral,
meadow,
whisper,
laughter,
destiny,
clarity,
horizon,
twilight,
solace,
sanctuary,
symphony,
harmony,
crescendo,
reverie,
resonance,
passion,
elegance,
magnificence,
wisdom,
lighthouse,
orchestra,
adventure,
horizon,
reflection,
companion,
tranquility,
serendipity,
mystery,
epiphany,
sanctuary,
cathedral,
meadow,
whisper,
laughter,
destiny,
clarity,
horizon,
twilight,
solace,
sanctuary,
symphony,
harmony,
crescendo,
reverie,
resonance,
passion,
elegance,
magnificence,
wisdom,
lighthouse,
orchestra,
adventure,
horizon,
reflection,
companion,
tranquility,
serendipity,
mystery,
epiphany,
sanctuary,
cathedral,
meadow,
whisper,
laughter,
destiny,
clarity,
horizon,
twilight,
solace,
sanctuary,
symphony,
harmony,
crescendo,
reverie,
resonance,
passion,
elegance,
magnificence,
wisdom,
lighthouse,
orchestra,
adventure,
horizon,
reflection,
companion,
tranquility,
serendipity,
mystery,
epiphany,
sanctuary,
cathedral,
meadow,
whisper,
laughter,
destiny,
clarity,
horizon,
twilight,
solace,
sanctuary,
symphony,
harmony,
crescendo,
reverie,
resonance,
passion,
elegance,
magnificence,
wisdom,
lighthouse,
orchestra,
adventure,
horizon,
reflection,
companion,
tranquility,
serendipity,
mystery,
epiphany,
